campaign_name,advertiser_name,impressions,clicks,total_spend,cpc,cpm
Campaign_122,Advertiser_13,332,24,761.91,31.7463,2294.9096
Campaign_552,Advertiser_56,796,56,1816.09,32.4302,2281.5201
Campaign_797,Advertiser_80,688,44,1459.19,33.1634,2120.9157
Campaign_306,Advertiser_33,601,41,1382.53,33.7202,2300.3827
Campaign_907,Advertiser_90,1126,74,2576.33,34.8153,2288.0373
Campaign_493,Advertiser_50,1527,96,3416.98,35.5935,2237.7079
Campaign_737,Advertiser_73,973,61,2228.17,36.5274,2290.0
Campaign_177,Advertiser_19,470,29,1060.27,36.561,2255.8936
Campaign_395,Advertiser_41,1166,71,2629.02,37.0285,2254.7341
Campaign_48,Advertiser_6,5499,325,12388.57,38.1187,2252.8769
Campaign_840,Advertiser_85,446,26,991.98,38.1531,2224.1704
Campaign_424,Advertiser_44,4917,291,11153.16,38.327,2268.2855
Campaign_192,Advertiser_20,833,49,1889.86,38.5686,2268.7395
Campaign_251,Advertiser_26,1950,115,4442.59,38.6312,2278.2513
Campaign_723,Advertiser_71,4673,272,10536.8,38.7382,2254.8256
Campaign_664,Advertiser_66,2187,127,4936.7,38.8717,2257.2931
Campaign_912,Advertiser_91,4845,280,10903.99,38.9428,2250.5655
Campaign_772,Advertiser_77,3070,176,6860.05,38.9776,2234.544
Campaign_752,Advertiser_74,3644,212,8295.74,39.1308,2276.5477
Campaign_321,Advertiser_34,5029,292,11470.92,39.284,2280.9545
Campaign_899,Advertiser_89,3622,208,8206.27,39.4532,2265.6737
Campaign_681,Advertiser_67,5824,330,13028.6,39.4806,2237.0536
Campaign_689,Advertiser_68,3516,200,7922.82,39.6141,2253.3618
Campaign_425,Advertiser_44,2238,127,5051.52,39.7757,2257.1582
Campaign_584,Advertiser_59,2671,152,6049.43,39.7989,2264.8559
Campaign_901,Advertiser_90,4944,282,11223.58,39.7999,2270.1416
Campaign_180,Advertiser_19,1361,77,3066.76,39.8281,2253.3137
Campaign_712,Advertiser_70,6592,376,14994.98,39.8803,2274.7239
Campaign_232,Advertiser_24,1880,108,4308.76,39.8959,2291.8936
Campaign_875,Advertiser_87,1644,93,3719.47,39.9943,2262.4513
Campaign_149,Advertiser_16,5043,286,11443.12,40.0109,2269.1097
Campaign_56,Advertiser_7,5067,286,11451.68,40.0408,2260.0513
Campaign_250,Advertiser_26,4828,272,10903.25,40.0855,2258.3368
Campaign_463,Advertiser_47,940,51,2045.82,40.1141,2176.4043
Campaign_55,Advertiser_7,1486,84,3374.28,40.17,2270.7133
Campaign_708,Advertiser_70,2091,115,4624.08,40.2094,2211.4204
Campaign_3,Advertiser_1,2126,119,4788.82,40.2422,2252.5024
Campaign_670,Advertiser_66,4773,267,10752.99,40.2734,2252.8787
Campaign_669,Advertiser_66,5008,279,11260.01,40.3585,2248.4046
Campaign_125,Advertiser_13,5917,332,13402.45,40.3688,2265.0752
Campaign_984,Advertiser_98,5944,334,13498.19,40.4137,2270.8933
Campaign_956,Advertiser_95,5991,336,13593.71,40.4575,2269.0219
Campaign_433,Advertiser_45,6524,364,14750.9,40.5245,2261.0208
Campaign_933,Advertiser_92,940,53,2148.23,40.5326,2285.3511
Campaign_621,Advertiser_61,2409,132,5351.94,40.545,2221.6438
Campaign_798,Advertiser_80,4961,279,11328.18,40.6028,2283.4469
Campaign_884,Advertiser_88,5519,307,12472.32,40.6264,2259.8877
Campaign_158,Advertiser_16,4777,266,10815.36,40.6592,2264.0486
Campaign_409,Advertiser_42,6903,384,15620.86,40.6793,2262.9089
Campaign_982,Advertiser_98,6673,373,15188.01,40.7185,2276.0393
Campaign_361,Advertiser_38,3273,182,7418.88,40.7631,2266.6911
Campaign_110,Advertiser_12,3126,171,6980.74,40.823,2233.1222
Campaign_342,Advertiser_36,4529,250,10221.4,40.8856,2256.8779
Campaign_764,Advertiser_76,4560,254,10419.43,41.0214,2284.9627
Campaign_225,Advertiser_23,3381,187,7672.16,41.0276,2269.1985
Campaign_278,Advertiser_30,3525,194,7963.68,41.0499,2259.2
Campaign_399,Advertiser_42,3713,204,8384.27,41.0994,2258.0851
Campaign_241,Advertiser_25,5295,289,11889.56,41.1403,2245.4315
Campaign_758,Advertiser_75,6089,335,13782.42,41.1416,2263.4948
Campaign_466,Advertiser_48,3277,182,7496.77,41.191,2287.693
Campaign_629,Advertiser_63,5082,280,11549.53,41.2483,2272.6348
Campaign_575,Advertiser_58,5672,313,12919.27,41.2756,2277.7274
Campaign_902,Advertiser_90,5112,283,11683.48,41.2844,2285.5008
Campaign_870,Advertiser_87,4414,240,9913.29,41.3054,2245.8745
Campaign_849,Advertiser_85,5192,290,11985.43,41.3291,2308.4418
Campaign_760,Advertiser_76,4411,243,10046.26,41.3426,2277.547
Campaign_117,Advertiser_12,5089,279,11535.43,41.3456,2266.7381
Campaign_249,Advertiser_26,1782,97,4010.59,41.3463,2250.6117
Campaign_954,Advertiser_95,6370,349,14429.93,41.3465,2265.2951
Campaign_619,Advertiser_61,5752,315,13026.5,41.354,2264.6905
Campaign_620,Advertiser_61,1167,63,2609.21,41.416,2235.8269
Campaign_544,Advertiser_55,3674,200,8288.15,41.4408,2255.8928
Campaign_152,Advertiser_16,5185,284,11782.43,41.4874,2272.4069
Campaign_559,Advertiser_57,1214,66,2738.36,41.4903,2255.6507
Campaign_671,Advertiser_67,5468,299,12411.54,41.5102,2269.85
Campaign_47,Advertiser_6,4920,271,11250.09,41.5132,2286.6037
Campaign_57,Advertiser_7,1259,69,2866.72,41.5467,2276.9817
Campaign_245,Advertiser_25,1467,82,3408.85,41.5713,2323.6878
Campaign_917,Advertiser_91,6274,339,14108.07,41.6167,2248.6564
Campaign_234,Advertiser_25,7608,414,17240.02,41.6426,2266.0384
Campaign_1007,Advertiser_100,5448,299,12454.4,41.6535,2286.0499
Campaign_416,Advertiser_43,1205,66,2750.05,41.6674,2282.1992
Campaign_473,Advertiser_48,2353,131,5461.6,41.6916,2321.122
Campaign_182,Advertiser_19,4911,270,11266.38,41.7273,2294.1112
Campaign_985,Advertiser_98,6618,356,14876.35,41.7875,2247.8619
Campaign_498,Advertiser_51,4383,238,9950.66,41.8095,2270.2852
Campaign_667,Advertiser_66,562,30,1254.84,41.828,2232.8114
Campaign_531,Advertiser_54,4973,269,11258.09,41.8516,2263.8428
Campaign_285,Advertiser_30,5800,313,13105.24,41.8698,2259.5241
Campaign_261,Advertiser_28,6003,322,13488.45,41.8896,2246.9515
Campaign_871,Advertiser_87,5877,316,13237.64,41.8913,2252.4485
Campaign_716,Advertiser_71,4574,246,10309.77,41.9096,2253.9943
Campaign_541,Advertiser_54,4800,261,10939.16,41.9125,2278.9917
Campaign_831,Advertiser_84,6672,359,15051.37,41.9258,2255.9008
Campaign_512,Advertiser_52,4093,223,9350.61,41.931,2284.537
Campaign_17,Advertiser_3,8177,440,18456.62,41.9469,2257.1383
Campaign_756,Advertiser_75,2737,145,6083.81,41.9573,2222.8023
Campaign_354,Advertiser_37,6100,328,13765.56,41.9682,2256.6492
Campaign_876,Advertiser_87,2369,127,5330.6,41.9732,2250.1477
Campaign_156,Advertiser_16,3242,177,7435.79,42.0101,2293.5811
Campaign_666,Advertiser_66,5237,282,11849.98,42.0212,2262.742
Campaign_352,Advertiser_37,8017,436,18323.67,42.0268,2285.6018
Campaign_967,Advertiser_96,5443,295,12400.05,42.0341,2278.1646
Campaign_155,Advertiser_16,4713,257,10817.85,42.0928,2295.3215
Campaign_436,Advertiser_45,6094,327,13766.42,42.0991,2259.0121
Campaign_545,Advertiser_55,1270,69,2906.19,42.1187,2288.3386
Campaign_506,Advertiser_51,3040,162,6823.47,42.1202,2244.5625
Campaign_580,Advertiser_58,5225,282,11884.13,42.1423,2274.4746
Campaign_325,Advertiser_34,4193,224,9441.75,42.1507,2251.7887
Campaign_649,Advertiser_65,3866,206,8684.13,42.156,2246.283
Campaign_806,Advertiser_81,8591,463,19531.77,42.1852,2273.5153
Campaign_242,Advertiser_25,5630,304,12825.17,42.1881,2278.0053
Campaign_685,Advertiser_68,4030,216,9119.47,42.2198,2262.8958
Campaign_501,Advertiser_51,5938,320,13514.7,42.2334,2275.9683
Campaign_293,Advertiser_31,2597,139,5871.88,42.2437,2261.0243
Campaign_147,Advertiser_15,6809,365,15425.92,42.2628,2265.5192
Campaign_915,Advertiser_91,1387,75,3171.38,42.2851,2286.5032
Campaign_393,Advertiser_41,4871,262,11085.84,42.3124,2275.8859
Campaign_969,Advertiser_97,6094,326,13795.73,42.3182,2263.8218
Campaign_204,Advertiser_21,4497,241,10199.38,42.3211,2268.0409
Campaign_151,Advertiser_16,4633,248,10504.95,42.3587,2267.4185
Campaign_282,Advertiser_30,4296,228,9659.93,42.3681,2248.5871
Campaign_582,Advertiser_58,5539,291,12332.16,42.3786,2226.4235
Campaign_267,Advertiser_29,5776,308,13057.0,42.3929,2260.5609
Campaign_946,Advertiser_94,2043,109,4621.45,42.3986,2262.0901
Campaign_921,Advertiser_91,6615,356,15098.56,42.4117,2282.4732
Campaign_443,Advertiser_46,884,46,1951.54,42.4248,2207.6244
Campaign_750,Advertiser_74,5894,318,13495.99,42.4402,2289.7845
Campaign_349,Advertiser_37,5607,299,12690.76,42.444,2263.3779
Campaign_893,Advertiser_89,8656,462,19612.95,42.4523,2265.8214
Campaign_748,Advertiser_74,7322,391,16599.43,42.4538,2267.0623
Campaign_345,Advertiser_36,3895,209,8873.82,42.4585,2278.2593
Campaign_846,Advertiser_85,4357,233,9896.09,42.4725,2271.3082
Campaign_486,Advertiser_49,5966,318,13510.97,42.4873,2264.6614
Campaign_257,Advertiser_27,6391,344,14621.26,42.5037,2287.7891
Campaign_11,Advertiser_2,4859,256,10882.7,42.5105,2239.6995
Campaign_517,Advertiser_52,7510,400,17012.43,42.5311,2265.3036
Campaign_803,Advertiser_80,6567,351,14940.41,42.5653,2275.0739
Campaign_185,Advertiser_19,4199,222,9449.53,42.5655,2250.4239
Campaign_755,Advertiser_75,5353,283,12046.28,42.5664,2250.3792
Campaign_747,Advertiser_74,8717,465,19802.11,42.5852,2271.6657
Campaign_632,Advertiser_64,6207,332,14139.41,42.5886,2277.9781
Campaign_597,Advertiser_59,4815,256,10908.1,42.6098,2265.4413
Campaign_955,Advertiser_95,4641,246,10482.44,42.6115,2258.6598
Campaign_585,Advertiser_59,5221,279,11889.86,42.616,2277.3147
Campaign_504,Advertiser_51,6930,371,15825.59,42.6566,2283.6349
Campaign_573,Advertiser_58,5007,266,11347.94,42.6614,2266.415
Campaign_465,Advertiser_48,6497,342,14591.06,42.6639,2245.815
Campaign_668,Advertiser_66,4712,250,10667.26,42.669,2263.8497
Campaign_263,Advertiser_28,6163,325,13870.46,42.6783,2250.602
Campaign_910,Advertiser_91,2287,121,5165.36,42.6889,2258.5746
Campaign_39,Advertiser_5,4691,249,10632.23,42.6997,2266.5167
Campaign_356,Advertiser_37,7074,377,16101.14,42.7086,2276.1012
Campaign_769,Advertiser_76,8462,447,19090.81,42.7087,2256.0636
Campaign_823,Advertiser_83,6137,328,14010.7,42.7155,2282.9884
Campaign_601,Advertiser_60,3762,201,8586.65,42.7197,2282.4694
Campaign_777,Advertiser_77,5140,273,11672.57,42.7567,2270.928
Campaign_456,Advertiser_47,8772,470,20095.85,42.7571,2290.9086
Campaign_266,Advertiser_28,4875,261,11165.2,42.7785,2290.2974
Campaign_848,Advertiser_85,9283,489,20920.04,42.7813,2253.5861
Campaign_396,Advertiser_41,6333,336,14375.4,42.7839,2269.9195
Campaign_472,Advertiser_48,4828,257,11000.66,42.8041,2278.5128
Campaign_316,Advertiser_34,6026,318,13611.83,42.8045,2258.85
Campaign_25,Advertiser_4,2876,153,6549.2,42.8052,2277.1905
Campaign_829,Advertiser_84,6057,323,13838.93,42.845,2284.7829
Campaign_355,Advertiser_37,920,49,2099.67,42.8504,2282.25
Campaign_128,Advertiser_13,4502,236,10116.17,42.8651,2247.0391
Campaign_765,Advertiser_76,6911,367,15737.83,42.8824,2277.2146
Campaign_753,Advertiser_74,5502,293,12567.86,42.8937,2284.2348
Campaign_853,Advertiser_86,982,51,2187.93,42.9006,2228.0346
Campaign_449,Advertiser_46,4854,259,11119.9,42.934,2290.8735
Campaign_816,Advertiser_82,320,17,730.2,42.9529,2281.875
Campaign_34,Advertiser_5,720,37,1590.23,42.9792,2208.6528
Campaign_284,Advertiser_30,4406,232,9978.87,43.0124,2264.8366
Campaign_244,Advertiser_25,6709,355,15279.98,43.0422,2277.5347
Campaign_1000,Advertiser_99,2636,138,5940.67,43.0483,2253.6684
Campaign_721,Advertiser_71,4735,252,10848.35,43.049,2291.0982
Campaign_657,Advertiser_66,8438,438,18861.16,43.062,2235.2643
Campaign_208,Advertiser_21,3747,193,8314.02,43.0778,2218.8471
Campaign_210,Advertiser_21,6320,337,14519.45,43.0844,2297.3813
Campaign_444,Advertiser_46,6258,331,14262.29,43.0885,2279.0492
Campaign_380,Advertiser_40,4769,251,10817.06,43.0959,2268.203
Campaign_20,Advertiser_3,6299,326,14049.49,43.0966,2230.4318
Campaign_851,Advertiser_85,5042,265,11427.62,43.1231,2266.4855
Campaign_186,Advertiser_19,1391,73,3148.15,43.1253,2263.2279
Campaign_1001,Advertiser_99,4711,245,10573.73,43.1581,2244.4768
Campaign_46,Advertiser_6,7045,368,15885.45,43.167,2254.8545
Campaign_578,Advertiser_58,9106,479,20686.81,43.1875,2271.7779
Campaign_730,Advertiser_72,1192,63,2721.49,43.1983,2283.1292
Campaign_157,Advertiser_16,5199,274,11840.9,43.215,2277.5341
Campaign_148,Advertiser_16,6159,322,13915.51,43.2159,2259.3781
Campaign_520,Advertiser_52,4583,241,10417.11,43.2245,2272.9893
Campaign_385,Advertiser_40,6791,353,15259.39,43.2277,2247.0019
Campaign_183,Advertiser_19,5253,275,11887.64,43.2278,2263.0192
Campaign_143,Advertiser_15,4779,252,10903.23,43.2668,2281.4878
Campaign_673,Advertiser_67,2603,137,5927.77,43.2684,2277.2839
Campaign_808,Advertiser_81,8670,458,19820.51,43.2762,2286.1027
Campaign_105,Advertiser_11,5715,302,13070.19,43.2788,2286.9974
Campaign_200,Advertiser_21,6019,315,13633.65,43.2814,2265.1022
Campaign_27,Advertiser_4,5509,290,12555.43,43.2946,2279.0761
Campaign_537,Advertiser_54,3576,190,8229.97,43.3156,2301.4457
Campaign_911,Advertiser_91,6564,342,14814.99,43.3187,2257.0064
Campaign_724,Advertiser_71,2331,120,5201.12,43.3427,2231.2827
Campaign_878,Advertiser_88,4725,247,10706.75,43.3472,2265.9788
Campaign_665,Advertiser_66,5338,278,12052.22,43.3533,2257.8157
Campaign_971,Advertiser_97,6596,342,14828.9,43.3594,2248.1656
Campaign_795,Advertiser_79,3551,188,8153.16,43.3679,2296.018
Campaign_296,Advertiser_31,3490,183,7936.68,43.3698,2274.1203
Campaign_187,Advertiser_19,4994,260,11282.27,43.3933,2259.165
Campaign_693,Advertiser_68,6929,365,15838.84,43.3941,2285.8767
Campaign_508,Advertiser_51,4591,237,10285.06,43.3969,2240.2657
Campaign_330,Advertiser_35,6188,321,13934.1,43.4084,2251.7938
Campaign_978,Advertiser_98,5179,270,11728.26,43.438,2264.58
Campaign_678,Advertiser_67,4853,254,11041.4,43.4701,2275.17
Campaign_640,Advertiser_64,5338,279,12128.38,43.4709,2272.0832
Campaign_334,Advertiser_36,7298,382,16610.17,43.4821,2275.9893
Campaign_495,Advertiser_50,6294,327,14222.29,43.4932,2259.6584
Campaign_487,Advertiser_49,8231,425,18489.88,43.5056,2246.371
Campaign_203,Advertiser_21,4418,232,10094.62,43.5113,2284.8846
Campaign_595,Advertiser_59,3077,161,7005.45,43.5121,2276.7143
Campaign_367,Advertiser_39,5281,271,11791.85,43.5124,2232.882
Campaign_983,Advertiser_98,8736,454,19763.94,43.5329,2262.3558
Campaign_773,Advertiser_77,4858,251,10926.88,43.5334,2249.2548
Campaign_205,Advertiser_21,4708,246,10709.36,43.534,2274.7154
Campaign_710,Advertiser_70,8238,430,18731.99,43.5628,2273.8517
Campaign_291,Advertiser_31,7068,371,16163.51,43.5674,2286.8577
Campaign_37,Advertiser_5,1211,63,2745.85,43.5849,2267.4236
Campaign_625,Advertiser_62,4973,260,11334.82,43.5955,2279.2721
Campaign_535,Advertiser_54,4608,240,10464.38,43.6016,2270.9158
Campaign_308,Advertiser_33,1278,66,2879.28,43.6255,2252.9577
Campaign_369,Advertiser_39,4614,239,10440.01,43.6821,2262.681
Campaign_86,Advertiser_10,4941,259,11314.14,43.6839,2289.8482
Campaign_13,Advertiser_2,4087,210,9174.1,43.6862,2244.7027
Campaign_315,Advertiser_34,9056,471,20583.7,43.7021,2272.9351
Campaign_112,Advertiser_12,6427,336,14685.55,43.707,2284.9774
Campaign_84,Advertiser_10,4909,254,11102.94,43.7124,2261.7519
Campaign_869,Advertiser_87,6485,335,14643.79,43.7128,2258.1018
Campaign_45,Advertiser_6,8397,435,19018.0,43.7195,2264.8565
Campaign_992,Advertiser_99,1958,102,4459.39,43.7195,2277.523
Campaign_236,Advertiser_25,8754,454,19858.55,43.7413,2268.5115
Campaign_932,Advertiser_92,4631,241,10542.83,43.7462,2276.5774
Campaign_655,Advertiser_65,5484,284,12425.64,43.7523,2265.7987
Campaign_166,Advertiser_17,4713,242,10590.26,43.7614,2247.0316
Campaign_751,Advertiser_74,2245,115,5035.15,43.7839,2242.8285
Campaign_217,Advertiser_22,8616,451,19747.48,43.786,2291.9545
Campaign_378,Advertiser_40,4682,243,10641.52,43.7923,2272.8578
Campaign_207,Advertiser_21,5094,263,11518.39,43.7962,2261.168
Campaign_499,Advertiser_51,9125,473,20722.22,43.8102,2270.9282
Campaign_676,Advertiser_67,5056,260,11391.31,43.8127,2253.0281
Campaign_916,Advertiser_91,6574,338,14808.95,43.8135,2252.6544
Campaign_41,Advertiser_5,6357,330,14461.91,43.824,2274.9583
Campaign_253,Advertiser_26,7137,367,16096.57,43.8599,2255.3692
Campaign_684,Advertiser_68,7068,364,15966.76,43.8647,2259.0209
Campaign_686,Advertiser_68,7386,384,16845.04,43.8673,2280.6715
Campaign_471,Advertiser_48,5635,291,12767.51,43.8746,2265.7516
Campaign_945,Advertiser_94,8308,432,18958.65,43.8858,2281.9752
Campaign_890,Advertiser_88,5044,261,11454.25,43.886,2270.8664
Campaign_539,Advertiser_54,7565,393,17250.7,43.8949,2280.3305
Campaign_733,Advertiser_72,5992,310,13609.69,43.9022,2271.3101
Campaign_6,Advertiser_1,5890,301,13216.89,43.9099,2243.9542
Campaign_246,Advertiser_25,3376,177,7772.84,43.9144,2302.3815
Campaign_1005,Advertiser_100,3135,162,7114.44,43.9163,2269.3589
Campaign_850,Advertiser_85,7881,403,17709.94,43.9453,2247.1691
Campaign_1006,Advertiser_100,5805,298,13102.16,43.967,2257.0474
Campaign_532,Advertiser_54,6003,309,13591.58,43.9857,2264.1313
Campaign_791,Advertiser_79,5310,273,12010.03,43.9928,2261.7759
Campaign_630,Advertiser_63,3576,183,8053.45,44.0079,2252.0833
Campaign_697,Advertiser_69,2653,137,6030.42,44.0177,2273.0569
Campaign_307,Advertiser_33,555,28,1232.52,44.0186,2220.7568
Campaign_233,Advertiser_24,4807,251,11050.43,44.0256,2298.8205
Campaign_633,Advertiser_64,5498,285,12548.72,44.0306,2282.4154
Campaign_390,Advertiser_41,4188,215,9468.18,44.038,2260.788
Campaign_989,Advertiser_99,5177,264,11627.23,44.0425,2245.9397
Campaign_593,Advertiser_59,8267,427,18807.87,44.0465,2275.0538
Campaign_129,Advertiser_14,4555,238,10486.85,44.0624,2302.2722
Campaign_903,Advertiser_90,5580,289,12734.46,44.0639,2282.1613
Campaign_974,Advertiser_97,5053,258,11370.68,44.0724,2250.283
Campaign_51,Advertiser_6,5826,301,13270.29,44.0873,2277.7703
Campaign_289,Advertiser_31,9209,473,20856.66,44.0944,2264.8127
Campaign_2,Advertiser_1,2954,153,6746.99,44.098,2284.0183
Campaign_809,Advertiser_81,5261,269,11875.33,44.1462,2257.2382
Campaign_675,Advertiser_67,6495,338,14923.39,44.152,2297.6736
Campaign_336,Advertiser_36,8457,435,19207.57,44.1553,2271.2037
Campaign_408,Advertiser_42,3133,159,7022.83,44.1687,2241.5672
Campaign_661,Advertiser_66,5214,266,11755.59,44.1939,2254.6203
Campaign_886,Advertiser_88,6117,313,13832.77,44.1942,2261.365
Campaign_485,Advertiser_49,4531,234,10342.37,44.1982,2282.58
Campaign_646,Advertiser_65,5361,275,12154.61,44.1986,2267.2281
Campaign_309,Advertiser_33,5137,262,11580.64,44.2009,2254.3586
Campaign_92,Advertiser_10,4801,244,10785.18,44.2016,2246.4445
Campaign_31,Advertiser_4,4884,249,11007.29,44.206,2253.7449
Campaign_551,Advertiser_56,5709,296,13085.35,44.2073,2292.0564
Campaign_861,Advertiser_86,5635,289,12777.55,44.213,2267.5333
Campaign_379,Advertiser_40,8422,434,19192.04,44.2213,2278.7984
Campaign_277,Advertiser_30,5154,264,11674.42,44.2213,2265.1184
Campaign_140,Advertiser_15,4908,253,11189.95,44.2291,2279.9409
Campaign_237,Advertiser_25,5130,262,11590.86,44.2399,2259.4269
Campaign_269,Advertiser_29,7902,408,18052.19,44.2456,2284.509
Campaign_720,Advertiser_71,6158,317,14031.72,44.2641,2278.6164
Campaign_957,Advertiser_95,8914,459,20337.17,44.3076,2281.4864
Campaign_548,Advertiser_55,6282,320,14178.45,44.3077,2256.9962
Campaign_61,Advertiser_8,4797,246,10901.05,44.3132,2272.4724
Campaign_897,Advertiser_89,7123,368,16318.14,44.3428,2290.9083
Campaign_615,Advertiser_61,5773,296,13127.64,44.3501,2273.9719
Campaign_199,Advertiser_21,4966,251,11133.04,44.3547,2241.8526
Campaign_881,Advertiser_88,6583,334,14821.36,44.3753,2251.4598
Campaign_357,Advertiser_37,4803,247,10960.81,44.3757,2282.0758
Campaign_74,Advertiser_9,6088,310,13762.19,44.3942,2260.5437
Campaign_174,Advertiser_18,5972,309,13722.2,44.4084,2297.7562
Campaign_19,Advertiser_3,5662,294,13056.54,44.41,2305.9943
Campaign_1010,Advertiser_100,5077,260,11549.71,44.422,2274.9084
Campaign_326,Advertiser_34,9555,489,21725.52,44.4285,2273.7331
Campaign_996,Advertiser_99,3440,175,7775.7,44.4326,2260.3779
Campaign_562,Advertiser_57,5599,283,12576.2,44.4389,2246.1511
Campaign_642,Advertiser_64,3135,159,7069.27,44.4608,2254.9506
Campaign_99,Advertiser_11,6356,325,14454.75,44.4762,2274.1897
Campaign_419,Advertiser_43,9219,466,20726.57,44.4776,2248.2449
Campaign_626,Advertiser_62,4876,250,11122.16,44.4886,2281.0008
Campaign_478,Advertiser_49,6838,348,15482.78,44.4907,2264.2264
Campaign_170,Advertiser_18,5181,263,11702.87,44.4976,2258.8052
Campaign_587,Advertiser_59,3301,168,7477.31,44.5078,2265.1651
Campaign_707,Advertiser_70,4440,224,9970.8,44.5125,2245.6757
Campaign_179,Advertiser_19,3556,183,8147.42,44.5214,2291.1755
Campaign_647,Advertiser_65,3039,151,6725.74,44.5413,2213.1425
Campaign_288,Advertiser_30,4517,228,10156.5,44.5461,2248.5056
Campaign_650,Advertiser_65,5342,272,12121.97,44.5661,2269.182
Campaign_247,Advertiser_26,4307,222,9897.17,44.5818,2297.9266
Campaign_429,Advertiser_45,5383,274,12216.06,44.5842,2269.3777
Campaign_459,Advertiser_47,3792,197,8783.91,44.5884,2316.432
Campaign_599,Advertiser_60,7504,380,16949.53,44.604,2258.7327
Campaign_63,Advertiser_8,3631,187,8341.36,44.6062,2297.2625
Campaign_838,Advertiser_84,2629,133,5933.14,44.6101,2256.8049
Campaign_939,Advertiser_93,3389,172,7674.31,44.6181,2264.4762
Campaign_688,Advertiser_68,5939,300,13387.12,44.6237,2254.1034
Campaign_611,Advertiser_60,6792,342,15261.72,44.6249,2247.0141
Campaign_130,Advertiser_14,5890,297,13254.49,44.6279,2250.3379
Campaign_451,Advertiser_46,5153,262,11694.26,44.6346,2269.4081
Campaign_894,Advertiser_89,5966,306,13659.12,44.6376,2289.4938
Campaign_467,Advertiser_48,5300,268,11965.04,44.6457,2257.5547
Campaign_887,Advertiser_88,6766,345,15403.61,44.6481,2276.6199
Campaign_362,Advertiser_38,5153,260,11610.32,44.6551,2253.1186
Campaign_318,Advertiser_34,5114,259,11565.77,44.6555,2261.5898
Campaign_977,Advertiser_98,5450,276,12326.86,44.6625,2261.8092
Campaign_418,Advertiser_43,4774,241,10765.68,44.6709,2255.0649
Campaign_814,Advertiser_82,9212,470,21000.81,44.6826,2279.7232
Campaign_422,Advertiser_44,2252,114,5094.52,44.6888,2262.2202
Campaign_864,Advertiser_87,7956,406,18149.58,44.7034,2281.2443
Campaign_133,Advertiser_14,6035,304,13590.01,44.704,2251.8658
Campaign_549,Advertiser_55,5188,264,11802.66,44.707,2274.9923
Campaign_280,Advertiser_30,4848,244,10914.16,44.7302,2251.2706
Campaign_161,Advertiser_17,5312,268,11992.55,44.7483,2257.6337
Campaign_986,Advertiser_98,5565,283,12664.32,44.7502,2275.7089
Campaign_178,Advertiser_19,1918,100,4476.89,44.7689,2334.1449
Campaign_768,Advertiser_76,5667,288,12895.23,44.7751,2275.495
Campaign_612,Advertiser_61,4705,238,10657.58,44.7797,2265.1605
Campaign_344,Advertiser_36,6053,310,13882.58,44.7825,2293.504
Campaign_691,Advertiser_68,5219,265,11868.11,44.7853,2274.0199
Campaign_516,Advertiser_52,6191,313,14019.13,44.7896,2264.4371
Campaign_565,Advertiser_57,5054,259,11601.12,44.792,2295.4333
Campaign_150,Advertiser_16,5202,262,11738.45,44.8032,2256.5263
Campaign_410,Advertiser_42,4825,246,11022.12,44.8054,2284.3772
Campaign_464,Advertiser_47,5344,269,12055.91,44.8175,2255.9712
Campaign_406,Advertiser_42,5758,289,12952.79,44.8193,2249.5294
Campaign_305,Advertiser_33,7059,357,16001.19,44.8213,2266.7786
Campaign_774,Advertiser_77,7372,373,16718.69,44.8222,2267.8635
Campaign_638,Advertiser_64,5591,282,12643.67,44.8357,2261.4327
Campaign_303,Advertiser_33,4869,246,11038.79,44.8731,2267.1575
Campaign_275,Advertiser_30,5758,291,13059.9,44.8794,2268.1313
Campaign_70,Advertiser_9,4723,241,10816.84,44.8832,2290.2477
Campaign_226,Advertiser_24,5729,290,13017.91,44.8893,2272.2831
Campaign_430,Advertiser_45,7190,364,16342.87,44.898,2273.0
Campaign_944,Advertiser_94,4782,241,10821.41,44.9021,2262.9465
Campaign_209,Advertiser_21,4510,228,10238.72,44.9067,2270.2262
Campaign_973,Advertiser_97,5171,260,11677.49,44.9134,2258.2653
Campaign_262,Advertiser_28,6386,325,14597.23,44.9146,2285.8174
Campaign_931,Advertiser_92,6324,322,14464.6,44.9211,2287.2549
Campaign_36,Advertiser_5,3865,194,8715.38,44.9246,2254.9495
Campaign_554,Advertiser_56,5523,280,12579.27,44.926,2277.6154
Campaign_822,Advertiser_83,5664,284,12759.45,44.9276,2252.7278
Campaign_602,Advertiser_60,8955,453,20354.11,44.9318,2272.9324
Campaign_328,Advertiser_35,4403,224,10066.76,44.9409,2286.3411
Campaign_335,Advertiser_36,5421,273,12273.71,44.9586,2264.1044
Campaign_216,Advertiser_22,4858,247,11106.29,44.9647,2286.1857
Campaign_123,Advertiser_13,5345,272,12232.0,44.9706,2288.4939
Campaign_993,Advertiser_99,5846,293,13176.66,44.9715,2253.9617
Campaign_259,Advertiser_27,4793,244,10975.74,44.9825,2289.952
Campaign_905,Advertiser_90,4832,244,10975.89,44.9832,2271.5004
Campaign_743,Advertiser_73,6597,331,14897.48,45.0075,2258.2204
Campaign_606,Advertiser_60,7166,360,16206.57,45.0183,2261.5922
Campaign_959,Advertiser_95,9473,477,21474.54,45.02,2266.9207
Campaign_641,Advertiser_64,4994,250,11258.45,45.0338,2254.3953
Campaign_800,Advertiser_80,5339,267,12025.54,45.0395,2252.3956
Campaign_132,Advertiser_14,4965,249,11217.73,45.0511,2259.3615
Campaign_569,Advertiser_57,5202,260,11713.5,45.0519,2251.7301
Campaign_706,Advertiser_70,3938,201,9059.52,45.0722,2300.5383
Campaign_446,Advertiser_46,5107,258,11628.62,45.0722,2276.9963
Campaign_727,Advertiser_72,3952,197,8879.54,45.0738,2246.8472
Campaign_865,Advertiser_87,5150,261,11767.38,45.0857,2284.9282
Campaign_505,Advertiser_51,5322,268,12083.03,45.0859,2270.3927
Campaign_313,Advertiser_33,4038,203,9154.39,45.0955,2267.0604
Campaign_165,Advertiser_17,3214,162,7307.4,45.1074,2273.6154
Campaign_794,Advertiser_79,7991,403,18187.47,45.1302,2275.9942
Campaign_807,Advertiser_81,4593,234,10560.79,45.1316,2299.3229
Campaign_844,Advertiser_85,3933,200,9027.3,45.1365,2295.2708
Campaign_329,Advertiser_35,7752,389,17560.64,45.143,2265.3044
Campaign_628,Advertiser_63,5864,296,13363.59,45.1473,2278.9205
Campaign_359,Advertiser_37,7244,366,16524.83,45.1498,2281.1748
Campaign_770,Advertiser_77,4883,245,11062.97,45.155,2265.6093
Campaign_754,Advertiser_75,6523,327,14767.57,45.1608,2263.923
Campaign_81,Advertiser_9,6134,308,13911.52,45.1673,2267.9361
Campaign_557,Advertiser_56,5124,256,11564.02,45.172,2256.8345
Campaign_679,Advertiser_67,3710,185,8361.87,45.1993,2253.8733
Campaign_513,Advertiser_52,7324,370,16725.29,45.2035,2283.6278
Campaign_415,Advertiser_43,3972,197,8905.3,45.2046,2242.0191
Campaign_936,Advertiser_93,6939,347,15691.07,45.2192,2261.2869
Campaign_744,Advertiser_74,4474,225,10174.47,45.2199,2274.1328
Campaign_382,Advertiser_40,5174,260,11757.19,45.22,2272.3599
Campaign_929,Advertiser_92,3826,194,8773.06,45.222,2293.011
Campaign_79,Advertiser_9,3731,187,8458.51,45.2327,2267.0893
Campaign_941,Advertiser_94,3282,165,7465.89,45.2478,2274.7989
Campaign_230,Advertiser_24,3667,185,8370.89,45.2481,2282.7625
Campaign_778,Advertiser_77,4858,245,11086.15,45.2496,2282.0399
Campaign_729,Advertiser_72,4848,243,10995.8,45.2502,2268.1106
Campaign_141,Advertiser_15,6817,341,15430.4,45.2504,2263.5177
Campaign_1012,Advertiser_100,5514,275,12445.53,45.2565,2257.0783
Campaign_696,Advertiser_69,5105,256,11586.11,45.2582,2269.5612
Campaign_223,Advertiser_23,2673,134,6064.74,45.2593,2268.8889
Campaign_448,Advertiser_46,4342,217,9824.46,45.274,2262.6578
Campaign_701,Advertiser_69,6117,304,13769.79,45.2954,2251.0692
Campaign_550,Advertiser_56,4511,224,10151.57,45.3195,2250.4035
Campaign_895,Advertiser_89,7644,382,17315.56,45.3287,2265.2486
Campaign_914,Advertiser_91,8673,435,19720.02,45.3334,2273.7254
Campaign_265,Advertiser_28,5569,278,12602.86,45.334,2263.0382
Campaign_855,Advertiser_86,5318,268,12149.6,45.3343,2284.6183
Campaign_757,Advertiser_75,6267,313,14191.35,45.3398,2264.4567
Campaign_243,Advertiser_25,5084,256,11607.45,45.3416,2283.1334
Campaign_364,Advertiser_38,6146,309,14010.95,45.3429,2279.686
Campaign_53,Advertiser_6,4741,238,10792.86,45.3482,2276.4944
Campaign_240,Advertiser_25,5258,260,11792.69,45.3565,2242.8091
Campaign_830,Advertiser_84,6847,340,15422.9,45.3615,2252.5047
Campaign_682,Advertiser_67,5460,273,12383.75,45.3617,2268.0861
Campaign_609,Advertiser_60,6679,334,15159.92,45.389,2269.7889
Campaign_561,Advertiser_57,2535,128,5811.46,45.402,2292.4892
Campaign_687,Advertiser_68,3982,200,9080.95,45.4048,2280.4997
Campaign_370,Advertiser_39,5296,263,11949.03,45.4336,2256.2368
Campaign_227,Advertiser_24,5900,297,13495.18,45.4383,2287.3186
Campaign_260,Advertiser_27,5724,283,12859.88,45.4413,2246.6597
Campaign_703,Advertiser_69,5384,268,12180.3,45.4489,2262.3143
Campaign_961,Advertiser_96,5041,249,11327.25,45.491,2247.0244
Campaign_935,Advertiser_93,5723,285,12965.11,45.4916,2265.4395
Campaign_963,Advertiser_96,7117,353,16060.31,45.4966,2256.6123
Campaign_29,Advertiser_4,4241,210,9555.93,45.5044,2253.2257
Campaign_412,Advertiser_43,6312,316,14379.81,45.5057,2278.1702
Campaign_450,Advertiser_46,5006,249,11334.53,45.5202,2264.189
Campaign_301,Advertiser_32,5190,259,11789.79,45.5204,2271.6358
Campaign_327,Advertiser_34,3931,198,9014.73,45.5289,2293.2409
Campaign_968,Advertiser_97,6805,344,15663.41,45.5332,2301.7502
Campaign_460,Advertiser_47,5042,253,11524.81,45.5526,2285.7616
Campaign_663,Advertiser_66,6801,335,15266.48,45.5716,2244.7405
Campaign_146,Advertiser_15,3847,192,8749.86,45.5722,2274.4632
Campaign_398,Advertiser_42,7586,375,17090.27,45.5741,2252.8698
Campaign_926,Advertiser_92,3482,172,7839.64,45.5793,2251.4762
Campaign_594,Advertiser_59,1035,51,2324.88,45.5859,2246.2609
Campaign_825,Advertiser_83,4313,217,9894.03,45.5946,2294.0019
Campaign_302,Advertiser_32,5103,251,11444.88,45.5971,2242.7748
Campaign_883,Advertiser_88,8338,414,18877.29,45.5973,2264.007
Campaign_771,Advertiser_77,5978,299,13635.44,45.6035,2280.9368
Campaign_333,Advertiser_36,5091,252,11492.26,45.6042,2257.3679
Campaign_792,Advertiser_79,4003,198,9031.88,45.6156,2256.2778
Campaign_841,Advertiser_85,4248,211,9625.36,45.6178,2265.8569
Campaign_826,Advertiser_83,4757,237,10811.77,45.6193,2272.8127
Campaign_462,Advertiser_47,5798,287,13094.28,45.6247,2258.4132
Campaign_311,Advertiser_33,5526,274,12510.01,45.657,2263.8455
Campaign_455,Advertiser_47,3204,161,7351.3,45.6602,2294.4132
Campaign_44,Advertiser_6,5338,264,12054.42,45.6607,2258.2278
Campaign_924,Advertiser_92,7116,354,16167.29,45.6703,2271.9632
Campaign_966,Advertiser_96,5578,280,12788.92,45.6747,2292.7429
Campaign_819,Advertiser_83,4567,228,10414.49,45.6776,2280.3788
Campaign_568,Advertiser_57,4748,235,10736.24,45.6861,2261.2131
Campaign_248,Advertiser_26,5775,289,13204.33,45.6897,2286.4641
Campaign_7,Advertiser_1,6137,304,13891.56,45.6959,2263.575
Campaign_623,Advertiser_62,6592,326,14899.77,45.7048,2260.2806
Campaign_852,Advertiser_85,5343,263,12022.28,45.7121,2250.0992
Campaign_503,Advertiser_51,5734,288,13166.46,45.7169,2296.2086
Campaign_224,Advertiser_23,4926,245,11202.62,45.725,2274.1819
Campaign_494,Advertiser_50,5380,268,12256.14,45.7319,2278.0929
Campaign_530,Advertiser_53,7315,366,16740.35,45.7387,2288.4962
Campaign_845,Advertiser_85,6175,308,14089.03,45.7436,2281.6243
Campaign_511,Advertiser_52,4865,240,10978.91,45.7455,2256.7133
Campaign_616,Advertiser_61,4767,236,10797.62,45.7526,2265.0766
Campaign_176,Advertiser_18,7336,364,16660.32,45.7701,2271.036
Campaign_388,Advertiser_40,5972,300,13735.4,45.7847,2299.9665
Campaign_100,Advertiser_11,1291,66,3022.62,45.7973,2341.3013
Campaign_502,Advertiser_51,4962,248,11359.59,45.8048,2289.3168
Campaign_206,Advertiser_21,6082,303,13880.0,45.8086,2282.144
Campaign_658,Advertiser_66,5292,260,11916.45,45.8325,2251.7857
Campaign_645,Advertiser_65,4085,204,9351.12,45.8388,2289.1359
Campaign_323,Advertiser_34,7624,375,17193.23,45.8486,2255.1456
Campaign_173,Advertiser_18,6844,340,15599.83,45.8819,2279.344
Campaign_169,Advertiser_17,7081,351,16106.16,45.8865,2274.5601
Campaign_211,Advertiser_22,3851,191,8766.8,45.8995,2276.4996
Campaign_136,Advertiser_14,4759,235,10787.58,45.9046,2266.7745
Campaign_546,Advertiser_55,3583,177,8127.51,45.9181,2268.3533
Campaign_274,Advertiser_29,5279,261,11986.67,45.9259,2270.6327
Campaign_885,Advertiser_88,7630,377,17320.82,45.9438,2270.0944
Campaign_927,Advertiser_92,5107,254,11671.22,45.9497,2285.3378
Campaign_401,Advertiser_42,4783,237,10892.81,45.9612,2277.4012
Campaign_953,Advertiser_95,5054,249,11448.4,45.9775,2265.2157
Campaign_299,Advertiser_32,2659,132,6072.26,46.002,2283.663
Campaign_858,Advertiser_86,6081,301,13847.22,46.0041,2277.1288
Campaign_652,Advertiser_65,5749,283,13022.78,46.0169,2265.2253
Campaign_847,Advertiser_85,3831,190,8744.47,46.0235,2282.5555
Campaign_782,Advertiser_78,2431,121,5569.42,46.0283,2290.9996
Campaign_428,Advertiser_45,5323,265,12200.81,46.0408,2292.0928
Campaign_590,Advertiser_59,5474,270,12436.19,46.06,2271.8652
Campaign_434,Advertiser_45,5186,257,11839.05,46.0663,2282.8866
Campaign_442,Advertiser_45,8277,414,19072.46,46.0687,2304.2721
Campaign_571,Advertiser_58,5391,266,12254.31,46.0688,2273.1052
Campaign_111,Advertiser_12,2038,101,4653.13,46.0706,2283.1845
Campaign_93,Advertiser_10,5411,265,12210.78,46.0784,2256.6587
Campaign_934,Advertiser_92,4907,241,11105.23,46.0798,2263.1404
Campaign_529,Advertiser_53,4638,229,10553.96,46.0872,2275.5412
Campaign_193,Advertiser_20,5518,272,12538.95,46.0991,2272.3722
Campaign_560,Advertiser_57,5538,272,12544.5,46.1195,2265.1679
Campaign_553,Advertiser_56,5203,259,11945.44,46.1214,2295.8755
Campaign_348,Advertiser_37,8396,412,19004.26,46.1268,2263.4898
Campaign_43,Advertiser_6,4950,246,11347.81,46.1293,2292.4869
Campaign_812,Advertiser_82,8361,409,18876.58,46.153,2257.6941
Campaign_725,Advertiser_71,6803,336,15509.45,46.1591,2279.7957
Campaign_163,Advertiser_17,4765,235,10848.93,46.1657,2276.7954
Campaign_80,Advertiser_9,5758,282,13020.61,46.1724,2261.3077
Campaign_742,Advertiser_73,5493,269,12420.92,46.1744,2261.227
Campaign_610,Advertiser_60,5482,269,12421.72,46.1774,2265.9103
Campaign_874,Advertiser_87,1804,90,4157.13,46.1903,2304.3958
Campaign_705,Advertiser_69,5398,266,12295.25,46.2227,2277.7418
Campaign_114,Advertiser_12,4796,235,10863.66,46.2283,2265.1501
Campaign_40,Advertiser_5,4801,235,10866.21,46.2392,2263.3222
Campaign_387,Advertiser_40,4751,234,10820.93,46.2433,2277.611
Campaign_256,Advertiser_27,6625,326,15077.53,46.2501,2275.8536
Campaign_439,Advertiser_45,9139,445,20584.82,46.258,2252.4149
Campaign_438,Advertiser_45,5109,251,11612.83,46.2663,2273.0143
Campaign_962,Advertiser_96,6271,307,14208.49,46.2817,2265.7455
Campaign_863,Advertiser_86,4545,222,10278.32,46.2987,2261.4565
Campaign_785,Advertiser_78,3610,178,8242.94,46.3087,2283.3629
Campaign_339,Advertiser_36,7483,364,16857.64,46.3122,2252.7917
Campaign_188,Advertiser_19,6630,326,15099.84,46.3185,2277.5023
Campaign_116,Advertiser_12,4424,215,9960.53,46.328,2251.476
Campaign_235,Advertiser_25,7649,375,17374.85,46.3329,2271.5192
Campaign_38,Advertiser_5,5837,287,13297.87,46.334,2278.2028
Campaign_843,Advertiser_85,4899,238,11029.38,46.3419,2251.3533
Campaign_32,Advertiser_4,7770,383,17750.89,46.347,2284.5418
Campaign_842,Advertiser_85,5101,248,11494.14,46.3473,2253.3111
Campaign_294,Advertiser_31,6894,341,15806.85,46.3544,2292.8416
Campaign_789,Advertiser_78,4025,197,9133.49,46.3629,2269.1901
Campaign_734,Advertiser_73,8626,421,19521.32,46.3689,2263.0791
Campaign_624,Advertiser_62,1671,83,3849.06,46.3742,2303.447
Campaign_137,Advertiser_14,4852,238,11048.42,46.4219,2277.0857
Campaign_404,Advertiser_42,6781,334,15509.74,46.4363,2287.2349
Campaign_16,Advertiser_3,6766,332,15420.76,46.4481,2279.1546
Campaign_67,Advertiser_8,1719,85,3948.52,46.4532,2296.9866
Campaign_995,Advertiser_99,8262,402,18677.83,46.4623,2260.6911
Campaign_776,Advertiser_77,8605,420,19514.4,46.4629,2267.7978
Campaign_411,Advertiser_42,5654,279,12963.62,46.4646,2292.8228
Campaign_119,Advertiser_12,5508,266,12360.84,46.4693,2244.1612
Campaign_108,Advertiser_11,4707,229,10642.31,46.473,2260.9539
Campaign_694,Advertiser_68,4893,237,11014.51,46.4747,2251.075
Campaign_898,Advertiser_89,5931,291,13529.32,46.4925,2281.1195
Campaign_366,Advertiser_39,4980,241,11212.94,46.5267,2251.5944
Campaign_635,Advertiser_64,882,43,2000.72,46.5284,2268.39
Campaign_607,Advertiser_60,5169,254,11818.24,46.5285,2286.3687
Campaign_358,Advertiser_37,2904,141,6560.62,46.5292,2259.1667
Campaign_906,Advertiser_90,4740,230,10703.14,46.5354,2258.0464
Campaign_648,Advertiser_65,6413,311,14472.82,46.5364,2256.794
Campaign_175,Advertiser_18,4404,214,9958.81,46.5365,2261.3102
Campaign_343,Advertiser_36,5526,270,12567.01,46.5445,2274.1603
Campaign_519,Advertiser_52,7112,346,16112.92,46.5691,2265.5962
Campaign_759,Advertiser_75,5818,281,13086.3,46.5705,2249.2781
Campaign_715,Advertiser_71,386,18,838.32,46.5733,2171.8135
Campaign_60,Advertiser_7,4680,224,10436.4,46.5911,2230.0
Campaign_608,Advertiser_60,7642,371,17288.65,46.6001,2262.3201
Campaign_820,Advertiser_83,3865,190,8858.55,46.6239,2291.9922
Campaign_491,Advertiser_50,6834,332,15480.17,46.627,2265.1697
Campaign_452,Advertiser_46,3356,163,7601.29,46.6337,2264.9851
Campaign_805,Advertiser_81,7232,350,16326.78,46.6479,2257.5747
Campaign_731,Advertiser_72,4635,224,10452.95,46.665,2255.2211
Campaign_920,Advertiser_91,4903,239,11153.95,46.6692,2274.9235
Campaign_522,Advertiser_52,2733,135,6300.93,46.6736,2305.4995
Campaign_134,Advertiser_14,8522,417,19463.88,46.676,2283.9568
Campaign_202,Advertiser_21,5790,281,13120.69,46.6928,2266.095
Campaign_195,Advertiser_20,5138,250,11673.6,46.6944,2272.0125
Campaign_66,Advertiser_8,3462,168,7845.76,46.701,2266.2507
Campaign_77,Advertiser_9,5971,293,13683.81,46.7024,2291.7116
Campaign_588,Advertiser_59,1779,87,4064.15,46.7144,2284.5138
Campaign_510,Advertiser_52,9263,448,20929.61,46.7179,2259.485
Campaign_783,Advertiser_78,6019,294,13738.18,46.7285,2282.4688
Campaign_677,Advertiser_67,399,19,887.96,46.7347,2225.4637
Campaign_10,Advertiser_2,6762,330,15423.04,46.7365,2280.84
Campaign_272,Advertiser_29,5844,281,13135.09,46.7441,2247.6198
Campaign_888,Advertiser_88,7777,376,17576.2,46.7452,2260.0231
Campaign_394,Advertiser_41,6646,324,15149.68,46.7583,2279.5185
Campaign_15,Advertiser_3,6471,314,14690.63,46.7854,2270.2256
Campaign_556,Advertiser_56,5064,245,11467.83,46.8075,2264.5794
Campaign_154,Advertiser_16,3318,159,7445.36,46.8262,2243.9301
Campaign_287,Advertiser_30,7187,349,16349.78,46.8475,2274.9103
Campaign_779,Advertiser_77,4920,239,11197.82,46.8528,2275.9797
Campaign_374,Advertiser_39,4209,202,9466.84,46.8655,2249.1898
Campaign_654,Advertiser_65,7230,352,16501.35,46.8788,2282.3444
Campaign_891,Advertiser_89,8026,388,18194.07,46.8919,2266.8914
Campaign_711,Advertiser_70,5827,281,13179.35,46.9016,2261.7728
Campaign_212,Advertiser_22,2465,118,5534.63,46.9036,2245.286
Campaign_811,Advertiser_82,5675,275,12903.38,46.9214,2273.7233
Campaign_78,Advertiser_9,3429,163,7650.98,46.9385,2231.2569
Campaign_497,Advertiser_50,4593,224,10514.6,46.9402,2289.2663
Campaign_709,Advertiser_70,6913,337,15820.48,46.945,2288.5115
Campaign_880,Advertiser_88,3609,173,8122.37,46.9501,2250.5874
Campaign_836,Advertiser_84,4553,220,10332.31,46.965,2269.3411
Campaign_614,Advertiser_61,7320,351,16484.85,46.9654,2252.0287
Campaign_384,Advertiser_40,4427,215,10098.49,46.9697,2281.1136
Campaign_698,Advertiser_69,6713,325,15267.05,46.9755,2274.2515
Campaign_281,Advertiser_30,2327,112,5263.2,46.9929,2261.7963
Campaign_515,Advertiser_52,6891,336,15794.08,47.0062,2291.9866
Campaign_672,Advertiser_67,3911,189,8885.29,47.0121,2271.8716
Campaign_145,Advertiser_15,8797,422,19842.76,47.0208,2255.6281
Campaign_258,Advertiser_27,8940,431,20274.8,47.0413,2267.8747
Campaign_613,Advertiser_61,5582,268,12608.22,47.0456,2258.7281
Campaign_904,Advertiser_90,3886,188,8844.88,47.0472,2276.0885
Campaign_320,Advertiser_34,5759,273,12850.25,47.0705,2231.3336
Campaign_787,Advertiser_78,5083,245,11537.32,47.0911,2269.7856
Campaign_52,Advertiser_6,5535,267,12580.56,47.1182,2272.9106
Campaign_363,Advertiser_38,6662,317,14940.2,47.13,2242.5998
Campaign_168,Advertiser_17,9004,434,20470.2,47.1664,2273.4562
Campaign_71,Advertiser_9,5919,284,13400.6,47.1852,2263.9973
Campaign_937,Advertiser_93,4997,241,11371.73,47.1856,2275.7114
Campaign_350,Advertiser_37,9038,433,20435.12,47.1943,2261.0224
Campaign_489,Advertiser_50,5147,246,11613.07,47.2076,2256.2794
Campaign_988,Advertiser_98,3545,171,8074.53,47.2195,2277.7236
Campaign_268,Advertiser_29,4191,199,9397.42,47.2232,2242.2859
Campaign_859,Advertiser_86,6477,309,14593.27,47.2274,2253.0909
Campaign_286,Advertiser_30,4893,237,11193.79,47.2312,2287.7151
Campaign_990,Advertiser_99,2883,138,6525.08,47.2832,2263.2952
Campaign_50,Advertiser_6,4539,217,10266.05,47.309,2261.7427
Campaign_862,Advertiser_86,2721,130,6150.21,47.3093,2260.2756
Campaign_480,Advertiser_49,8872,426,20158.49,47.3204,2272.1472
Campaign_75,Advertiser_9,6448,312,14765.08,47.324,2289.8697
Campaign_469,Advertiser_48,6154,296,14010.03,47.3312,2276.573
Campaign_728,Advertiser_72,6552,313,14820.45,47.3497,2261.9734
Campaign_947,Advertiser_95,9115,438,20743.53,47.3597,2275.7575
Campaign_458,Advertiser_47,4288,208,9852.09,47.3658,2297.5956
Campaign_596,Advertiser_59,1286,60,2843.36,47.3893,2211.0109
Campaign_536,Advertiser_54,5082,244,11573.14,47.4309,2277.2806
Campaign_98,Advertiser_11,4790,229,10863.68,47.4397,2267.9916
Campaign_965,Advertiser_96,7213,345,16371.02,47.4522,2269.6548
Campaign_604,Advertiser_60,7623,368,17462.52,47.4525,2290.7674
Campaign_583,Advertiser_58,4655,222,10535.96,47.4593,2263.3641
Campaign_824,Advertiser_83,4902,234,11114.15,47.4964,2267.2685
Campaign_713,Advertiser_70,9332,444,21094.73,47.5107,2260.4726
Campaign_104,Advertiser_11,9467,453,21523.91,47.5142,2273.5724
Campaign_790,Advertiser_79,5491,263,12497.3,47.5183,2275.9607
Campaign_528,Advertiser_53,4674,222,10549.15,47.5187,2256.9855
Campaign_719,Advertiser_71,4878,230,10930.55,47.5241,2240.7852
Campaign_547,Advertiser_55,5048,239,11359.19,47.528,2250.2357
Campaign_103,Advertiser_11,7476,359,17063.25,47.5299,2282.4037
Campaign_527,Advertiser_53,6528,312,14834.61,47.5468,2272.4586
Campaign_700,Advertiser_69,2297,109,5182.89,47.5494,2256.3735
Campaign_786,Advertiser_78,6940,330,15692.37,47.5526,2261.1484
Campaign_196,Advertiser_20,4864,233,11080.51,47.5558,2278.0654
Campaign_490,Advertiser_50,3984,191,9086.69,47.5743,2280.7957
Campaign_745,Advertiser_74,6240,299,14226.34,47.5797,2279.8622
Campaign_49,Advertiser_6,2950,140,6662.59,47.5899,2258.5051
Campaign_96,Advertiser_11,8690,412,19608.06,47.5924,2256.3936
Campaign_453,Advertiser_46,2679,127,6046.02,47.6065,2256.8197
Campaign_426,Advertiser_44,7235,345,16429.75,47.6225,2270.8708
Campaign_1004,Advertiser_100,8131,387,18435.28,47.6364,2267.2832
Campaign_392,Advertiser_41,5950,283,13482.14,47.6401,2265.9059
Campaign_833,Advertiser_84,5386,256,12196.18,47.6413,2264.4226
Campaign_457,Advertiser_47,5736,275,13102.42,47.6452,2284.2434
Campaign_873,Advertiser_87,6791,323,15397.41,47.67,2267.3259
Campaign_221,Advertiser_23,2643,125,5965.6,47.7248,2257.132
Campaign_918,Advertiser_91,8560,410,19577.48,47.75,2287.0888
Campaign_135,Advertiser_14,5614,269,12844.76,47.75,2287.9872
Campaign_542,Advertiser_54,4928,235,11224.17,47.7624,2277.6319
Campaign_435,Advertiser_45,5388,258,12324.11,47.7679,2287.3255
Campaign_763,Advertiser_76,4485,212,10133.0,47.7972,2259.3088
Campaign_454,Advertiser_46,5955,284,13577.13,47.8068,2279.9547
Campaign_788,Advertiser_78,5051,239,11428.71,47.8189,2262.6628
Campaign_365,Advertiser_38,4846,229,10951.38,47.8226,2259.8803
Campaign_85,Advertiser_10,5057,240,11484.7,47.8529,2271.05
Campaign_749,Advertiser_74,6009,283,13542.51,47.8534,2253.7044
Campaign_492,Advertiser_50,7090,336,16084.83,47.8715,2268.6643
Campaign_64,Advertiser_8,5740,271,12977.56,47.8877,2260.899
Campaign_576,Advertiser_58,9293,438,20984.62,47.9101,2258.1104
Campaign_292,Advertiser_31,7964,379,18159.99,47.9155,2280.2599
Campaign_35,Advertiser_5,4625,217,10398.52,47.9194,2248.3286
Campaign_900,Advertiser_90,5529,262,12555.32,47.9211,2270.8121
Campaign_102,Advertiser_11,5980,287,13754.3,47.9244,2300.0502
Campaign_488,Advertiser_50,2691,129,6184.81,47.9443,2298.3315
Campaign_690,Advertiser_68,1922,91,4366.03,47.9784,2271.6077
Campaign_391,Advertiser_41,5438,258,12378.68,47.9794,2276.3295
Campaign_767,Advertiser_76,5100,239,11470.29,47.9928,2249.0765
Campaign_943,Advertiser_94,4715,223,10710.09,48.0273,2271.4931
Campaign_360,Advertiser_37,7174,339,16285.98,48.0412,2270.1394
Campaign_270,Advertiser_29,5178,245,11782.46,48.0917,2275.4847
Campaign_21,Advertiser_3,8684,413,19874.83,48.1231,2288.6723
Campaign_167,Advertiser_17,4598,217,10445.12,48.1342,2271.6659
Campaign_72,Advertiser_9,999,47,2263.84,48.1668,2266.1061
Campaign_65,Advertiser_8,5183,244,11753.43,48.1698,2267.6886
Campaign_317,Advertiser_34,4487,210,10116.53,48.174,2254.6312
Campaign_4,Advertiser_1,2162,101,4867.86,48.1966,2251.5541
Campaign_948,Advertiser_95,4905,233,11232.59,48.2085,2290.0285
Campaign_142,Advertiser_15,4633,218,10511.19,48.2165,2268.7654
Campaign_1,Advertiser_1,3627,169,8151.16,48.2317,2247.3559
Campaign_279,Advertiser_30,6430,305,14717.1,48.2528,2288.818
Campaign_739,Advertiser_73,7132,337,16274.69,48.2928,2281.9251
Campaign_514,Advertiser_52,7062,332,16035.95,48.3011,2270.7378
Campaign_87,Advertiser_10,4975,233,11260.48,48.3282,2263.4131
Campaign_397,Advertiser_41,3735,176,8506.17,48.3305,2277.4217
Campaign_89,Advertiser_10,4532,213,10295.55,48.3359,2271.7454
Campaign_991,Advertiser_99,7542,354,17115.23,48.3481,2269.3225
Campaign_164,Advertiser_17,5253,245,11846.93,48.3548,2255.2694
Campaign_837,Advertiser_84,5875,276,13346.15,48.3556,2271.6851
Campaign_160,Advertiser_17,7147,336,16258.76,48.3892,2274.907
Campaign_740,Advertiser_73,4884,229,11081.59,48.3912,2268.9578
Campaign_617,Advertiser_61,5658,267,12921.26,48.3942,2283.7151
Campaign_827,Advertiser_83,6707,319,15443.12,48.411,2302.5376
Campaign_403,Advertiser_42,6022,283,13701.98,48.4169,2275.3205
Campaign_131,Advertiser_14,4277,199,9635.06,48.4174,2252.7613
Campaign_867,Advertiser_87,4779,223,10797.21,48.418,2259.3032
Campaign_834,Advertiser_84,3383,157,7602.08,48.4209,2247.1416
Campaign_643,Advertiser_65,4336,202,9785.76,48.4444,2256.8635
Campaign_631,Advertiser_63,4820,225,10902.4,48.4551,2261.9087
Campaign_714,Advertiser_70,5237,245,11874.59,48.4677,2267.4413
Campaign_201,Advertiser_21,5906,275,13343.6,48.5222,2259.3295
Campaign_735,Advertiser_73,5327,248,12038.78,48.5435,2259.9549
Campaign_564,Advertiser_57,5545,262,12726.83,48.5757,2295.1903
Campaign_534,Advertiser_54,5495,254,12340.71,48.5855,2245.8071
Campaign_69,Advertiser_8,4434,211,10252.6,48.5905,2312.2688
Campaign_431,Advertiser_45,6207,290,14092.34,48.5943,2270.3947
Campaign_159,Advertiser_17,5238,245,11906.76,48.599,2273.1501
Campaign_538,Advertiser_54,2702,126,6123.51,48.5993,2266.2879
Campaign_913,Advertiser_91,1430,66,3208.61,48.6153,2243.7832
Campaign_126,Advertiser_13,6589,308,14973.73,48.616,2272.5345
Campaign_59,Advertiser_7,5384,250,12158.3,48.6332,2258.2281
Campaign_644,Advertiser_65,6167,288,14013.99,48.6597,2272.4161
Campaign_543,Advertiser_54,6899,327,15929.96,48.7155,2309.0245
Campaign_389,Advertiser_41,6050,282,13749.14,48.7558,2272.5851
Campaign_483,Advertiser_49,4917,227,11071.61,48.7736,2251.7002
Campaign_695,Advertiser_68,5244,244,11900.84,48.7739,2269.4203
Campaign_414,Advertiser_43,4656,217,10591.21,48.8074,2274.7444
Campaign_82,Advertiser_9,7915,368,17961.96,48.8097,2269.3569
Campaign_659,Advertiser_66,5260,246,12013.93,48.8371,2284.0171
Campaign_889,Advertiser_88,6051,279,13632.56,48.8622,2252.9433
Campaign_636,Advertiser_64,6144,284,13879.31,48.8708,2259.0023
Campaign_813,Advertiser_82,5470,255,12463.1,48.8749,2278.4461
Campaign_18,Advertiser_3,6013,282,13785.94,48.8863,2292.6892
Campaign_839,Advertiser_84,5593,257,12572.16,48.9189,2247.8384
Campaign_172,Advertiser_18,5460,254,12431.73,48.9438,2276.8736
Campaign_220,Advertiser_23,9640,445,21812.88,49.0177,2262.7469
Campaign_341,Advertiser_36,2283,107,5245.71,49.0253,2297.7267
Campaign_427,Advertiser_44,1945,90,4413.13,49.0348,2268.9614
Campaign_994,Advertiser_99,1704,79,3876.43,49.0687,2274.9002
Campaign_496,Advertiser_50,3782,174,8542.7,49.096,2258.7784
Campaign_347,Advertiser_37,5271,243,11931.54,49.101,2263.6198
Campaign_810,Advertiser_82,7419,341,16748.99,49.1173,2257.5805
Campaign_300,Advertiser_32,4872,227,11150.55,49.1214,2288.7007
Campaign_441,Advertiser_45,4381,203,9972.64,49.1263,2276.3387
Campaign_138,Advertiser_14,5528,254,12478.33,49.1273,2257.2956
Campaign_229,Advertiser_24,6130,280,13757.94,49.1355,2244.3622
Campaign_603,Advertiser_60,8596,397,19506.94,49.1359,2269.3043
Campaign_857,Advertiser_86,5860,271,13326.72,49.1761,2274.1843
Campaign_474,Advertiser_48,2271,103,5065.22,49.1769,2230.3919
Campaign_860,Advertiser_86,589,27,1329.44,49.2385,2257.1138
Campaign_97,Advertiser_11,5184,241,11874.41,49.2714,2290.5883
Campaign_22,Advertiser_4,5038,231,11384.84,49.285,2259.7936
Campaign_821,Advertiser_83,4745,220,10851.52,49.3251,2286.9378
Campaign_592,Advertiser_59,5082,233,11499.17,49.3527,2262.7253
Campaign_555,Advertiser_56,5117,234,11552.35,49.369,2257.6412
Campaign_376,Advertiser_39,4457,206,10172.1,49.3791,2282.2751
Campaign_524,Advertiser_52,844,39,1927.47,49.4223,2283.7322
Campaign_964,Advertiser_96,1537,71,3516.57,49.5292,2287.944
Campaign_1009,Advertiser_100,5257,243,12042.85,49.5591,2290.8218
Campaign_704,Advertiser_69,8373,381,18887.89,49.5745,2255.8091
Campaign_461,Advertiser_47,8554,394,19536.47,49.5849,2283.8988
Campaign_793,Advertiser_79,4248,195,9669.13,49.5853,2276.1605
Campaign_762,Advertiser_76,4646,211,10468.76,49.615,2253.2845
Campaign_184,Advertiser_19,4878,223,11064.72,49.6176,2268.2903
Campaign_930,Advertiser_92,5385,247,12261.9,49.6433,2277.0474
Campaign_526,Advertiser_53,6386,292,14497.78,49.6499,2270.2443
Campaign_1011,Advertiser_100,4169,191,9485.24,49.6609,2275.1835
Campaign_683,Advertiser_67,5455,250,12419.82,49.6793,2276.7773
Campaign_153,Advertiser_16,8189,372,18502.13,49.7369,2259.3882
Campaign_197,Advertiser_21,4626,212,10546.64,49.7483,2279.8617
Campaign_33,Advertiser_5,5853,269,13385.94,49.7619,2287.022
Campaign_835,Advertiser_84,2869,130,6471.08,49.7775,2255.5176
Campaign_332,Advertiser_35,2043,92,4588.63,49.8764,2246.0255
Campaign_24,Advertiser_4,4761,217,10827.68,49.8971,2274.2449
Campaign_101,Advertiser_11,4073,186,9293.01,49.9624,2281.6131
Campaign_919,Advertiser_91,5640,256,12792.3,49.9699,2268.1383
Campaign_732,Advertiser_72,5245,241,12044.02,49.9752,2296.286
Campaign_340,Advertiser_36,5062,232,11596.41,49.9845,2290.8751
Campaign_228,Advertiser_24,5266,238,11900.96,50.004,2259.962
Campaign_271,Advertiser_29,5629,255,12765.19,50.0596,2267.7545
Campaign_570,Advertiser_57,1590,72,3605.04,50.07,2267.3208
Campaign_194,Advertiser_20,2765,124,6220.08,50.1619,2249.5769
Campaign_634,Advertiser_64,5577,252,12649.37,50.1959,2268.1316
Campaign_338,Advertiser_36,8060,366,18375.66,50.2067,2279.8586
Campaign_107,Advertiser_11,417,19,956.36,50.3347,2293.4293
Campaign_106,Advertiser_11,963,43,2167.53,50.4077,2250.81
Campaign_375,Advertiser_39,2053,92,4639.37,50.4279,2259.8003
Campaign_144,Advertiser_15,7992,360,18156.97,50.436,2271.8931
Campaign_651,Advertiser_65,7773,352,17767.7,50.4764,2285.8227
Campaign_540,Advertiser_54,1862,84,4241.53,50.4944,2277.9431
Campaign_622,Advertiser_62,2364,108,5458.95,50.5458,2309.2005
Campaign_139,Advertiser_15,2862,130,6586.11,50.6624,2301.2264
Campaign_509,Advertiser_51,4094,183,9286.86,50.7479,2268.4074
Campaign_882,Advertiser_88,5871,263,13359.24,50.7956,2275.4624
Campaign_923,Advertiser_91,7395,329,16716.31,50.8095,2260.4882
Campaign_127,Advertiser_13,4882,219,11128.09,50.8132,2279.4121
Campaign_804,Advertiser_80,5650,253,12866.51,50.8558,2277.2584
Campaign_922,Advertiser_91,862,39,1984.92,50.8954,2302.6914
Campaign_91,Advertiser_10,4587,202,10284.77,50.9147,2242.1561
Campaign_507,Advertiser_51,1932,85,4327.82,50.9155,2240.0725
Campaign_254,Advertiser_26,1861,84,4281.12,50.9657,2300.4406
Campaign_718,Advertiser_71,2297,102,5200.21,50.9825,2263.9138
Campaign_746,Advertiser_74,2661,120,6118.39,50.9866,2299.2822
Campaign_73,Advertiser_9,3066,136,6937.75,51.0129,2262.8017
Campaign_896,Advertiser_89,3292,146,7449.74,51.0256,2262.983
Campaign_295,Advertiser_31,1250,56,2858.81,51.0502,2287.048
Campaign_190,Advertiser_19,1455,65,3318.61,51.0555,2280.8316
Campaign_386,Advertiser_40,7680,340,17364.63,51.0724,2261.0195
Campaign_413,Advertiser_43,5203,233,11972.75,51.3852,2301.1244
Campaign_832,Advertiser_84,1275,55,2827.57,51.4104,2217.702
Campaign_999,Advertiser_99,1353,59,3041.85,51.5568,2248.2262
Campaign_567,Advertiser_57,4487,198,10209.25,51.5619,2275.2953
Campaign_981,Advertiser_98,8019,357,18414.67,51.5817,2296.3798
Campaign_90,Advertiser_10,4771,211,10888.14,51.6026,2282.1505
Campaign_445,Advertiser_46,6935,308,15904.51,51.638,2293.3684
Campaign_909,Advertiser_91,4722,208,10741.99,51.6442,2274.8814
Campaign_83,Advertiser_10,4401,192,9934.12,51.7402,2257.2415
Campaign_400,Advertiser_42,2831,124,6428.54,51.8431,2270.7665
Campaign_9,Advertiser_2,4932,217,11296.61,52.0581,2290.4724
Campaign_219,Advertiser_23,1947,85,4429.55,52.1124,2275.0642
Campaign_796,Advertiser_79,2926,127,6639.18,52.277,2269.0294
Campaign_353,Advertiser_37,2281,99,5177.01,52.293,2269.623
Campaign_598,Advertiser_60,1709,72,3805.33,52.8518,2226.6413
Campaign_421,Advertiser_44,2917,125,6609.71,52.8777,2265.9273
Campaign_371,Advertiser_39,4299,185,9793.51,52.9379,2278.0903
Campaign_1013,Advertiser_100,2801,119,6329.87,53.1922,2259.8608
Campaign_523,Advertiser_52,347,14,746.28,53.3057,2150.6628
Campaign_481,Advertiser_49,5809,246,13208.8,53.6943,2273.8509
Campaign_484,Advertiser_49,6975,294,15789.64,53.7063,2263.7477
Campaign_722,Advertiser_71,987,42,2256.94,53.7367,2286.6667
Campaign_662,Advertiser_66,454,19,1021.57,53.7668,2250.1542
Campaign_310,Advertiser_33,6163,261,14051.8,53.8383,2280.026
Campaign_297,Advertiser_31,2578,108,5842.69,54.099,2266.3654
Campaign_692,Advertiser_68,5210,217,11762.74,54.2062,2257.7236
Campaign_674,Advertiser_67,2519,105,5723.3,54.5076,2272.0524
Campaign_637,Advertiser_64,2270,93,5193.57,55.8448,2287.9163
Campaign_980,Advertiser_98,2682,108,6085.99,56.3518,2269.1984
Campaign_998,Advertiser_99,529,21,1223.43,58.2586,2312.7221
Campaign_30,Advertiser_4,2325,91,5371.47,59.0271,2310.3097
Campaign_482,Advertiser_49,362,13,814.69,62.6685,2250.5249
Campaign_368,Advertiser_39,293,7,666.76,95.2514,2275.6314
